{
  "name": "TblAddress",
  "fields": [
    {
      "fieldName": "unit",
      "fieldType": "String"
    },
    {
      "fieldName": "address1",
      "fieldType": "String",
      "fieldValidateRules": ["required"]
    },
    {
      "fieldName": "address2",
      "fieldType": "String"
    },
    {
      "fieldName": "city",
      "fieldType": "String",
      "fieldValidateRules": ["required"]
    },
    {
      "fieldName": "state",
      "fieldType": "String",
      "fieldValidateRules": ["required"]
    },
    {
      "fieldName": "postalCode",
      "fieldType": "String",
      "fieldValidateRules": ["required"]
    },
    {
      "fieldName": "country",
      "fieldType": "String",
      "fieldValidateRules": ["required"]
    },
    {
      "fieldName": "isActive",
      "fieldType": "Boolean",
      "fieldValidateRules": ["required"]
    },
    {
      "fieldName": "remark",
      "fieldType": "byte[]",
      "fieldTypeBlobContent": "text"
    }
  ],
  "relationships": [
    {
      "relationshipType": "one-to-one",
      "otherEntityName": "tblContact",
      "otherEntityRelationshipName": "address",
      "relationshipName": "contact",
      "ownerSide": true
    }
  ],
  "entityTableName": "tbl_address",
  "dto": "mapstruct",
  "pagination": "pagination",
  "service": "serviceClass",
  "jpaMetamodelFiltering": true,
  "fluentMethods": true,
  "readOnly": false,
  "embedded": false,
  "applications": "*",
  "skipClient": true,
  "changelogDate": "20220121230952"
}
