{
  "name": "TblContact",
  "fields": [
    {
      "fieldName": "firstName",
      "fieldType": "String"
    },
    {
      "fieldName": "lastName",
      "fieldType": "String"
    },
    {
      "fieldName": "middleName",
      "fieldType": "String"
    },
    {
      "fieldName": "businessName",
      "fieldType": "String"
    },
    {
      "fieldName": "phone",
      "fieldType": "String"
    },
    {
      "fieldName": "email",
      "fieldType": "String"
    },
    {
      "fieldName": "isActive",
      "fieldType": "Boolean",
      "fieldValidateRules": ["required"]
    },
    {
      "fieldName": "type",
      "fieldType": "ContactType",
      "fieldValues": "CUSTOMER,SHIPPING",
      "fieldValidateRules": ["required"]
    },
    {
      "fieldName": "remark",
      "fieldType": "byte[]",
      "fieldTypeBlobContent": "text"
    }
  ],
  "relationships": [
    {
      "relationshipType": "one-to-one",
      "otherEntityName": "tblAddress",
      "otherEntityRelationshipName": "contact",
      "relationshipName": "address",
      "ownerSide": false
    },
    {
      "relationshipType": "one-to-one",
      "otherEntityName": "tblOrder",
      "otherEntityRelationshipName": "shipTo",
      "relationshipName": "order",
      "ownerSide": false
    },
    {
      "relationshipType": "many-to-one",
      "otherEntityName": "tblCustomer",
      "otherEntityRelationshipName": "contacts",
      "relationshipName": "customer"
    }
  ],
  "entityTableName": "tbl_contact",
  "dto": "mapstruct",
  "pagination": "pagination",
  "service": "serviceClass",
  "jpaMetamodelFiltering": true,
  "fluentMethods": true,
  "readOnly": false,
  "embedded": false,
  "applications": "*",
  "skipClient": true,
  "changelogDate": "20220121230951"
}
