{
  "name": "TblInventoryMedia",
  "fields": [
    {
      "fieldName": "type",
      "fieldType": "InventoryMediaType",
      "fieldValues": "IMAGE,VIDEO,AUDIO"
    },
    {
      "fieldName": "objectId",
      "fieldType": "String"
    },
    {
      "fieldName": "key",
      "fieldType": "String"
    }
  ],
  "relationships": [
    {
      "relationshipType": "many-to-one",
      "otherEntityName": "tblInventory",
      "otherEntityRelationshipName": "media",
      "relationshipName": "inventory"
    }
  ],
  "entityTableName": "tbl_inventory_media",
  "dto": "mapstruct",
  "pagination": "pagination",
  "service": "serviceClass",
  "jpaMetamodelFiltering": true,
  "fluentMethods": true,
  "readOnly": false,
  "embedded": false,
  "applications": "*",
  "skipClient": true,
  "changelogDate": "20220121230958"
}
