{
  "name": "TblProduct",
  "fields": [
    {
      "fieldName": "displayName",
      "fieldType": "String"
    },
    {
      "fieldName": "currency",
      "fieldType": "Currency",
      "fieldValues": "CAD,USD"
    },
    {
      "fieldName": "price",
      "fieldType": "Long"
    },
    {
      "fieldName": "isActive",
      "fieldType": "Boolean"
    },
    {
      "fieldName": "remark",
      "fieldType": "byte[]",
      "fieldTypeBlobContent": "text"
    }
  ],
  "relationships": [
    {
      "relationshipType": "many-to-one",
      "otherEntityName": "tblInventory",
      "otherEntityRelationshipName": "products",
      "relationshipName": "inventory"
    }
  ],
  "entityTableName": "tbl_product",
  "dto": "mapstruct",
  "pagination": "pagination",
  "service": "serviceClass",
  "jpaMetamodelFiltering": true,
  "fluentMethods": true,
  "readOnly": false,
  "embedded": false,
  "applications": "*",
  "skipClient": true,
  "changelogDate": "20220121230954"
}
