id;order_number;order_date;status
1;Fantastic;Concrete;DRAFT
2;Buckinghamshire Soft Human;synthesize;DRAFT
3;harness Incredible;Re-contextualized Utah Decentralized;PROCESSING
4;Incredible Steel;Rue invoice Consultant;DRAFT
5;Tools;aggregate;PROCESSING
6;Chair synthesizing HTTP;Savings Soap;FAILED
7;pixel connecting Soft;Marshall Germany Books;FAILED
8;Harbor Alabama;cross-platform Wooden Nebraska;COMPLETED
9;Extended Cape salmon;experiences Configuration artificial;COMPLETED
10;Unbranded Identity;Configuration orchestration virtual;FAILED
