id;unit;address_1;address_2;city;state;postal_code;country;is_active;remark
1;Associate;Devolved Uruguay;Customer transmitter program;North Garett;turquoise microchip Internal;Solutions Industrial strategy;Kazakhstan;true;../fake-data/blob/hipster.txt
2;wireless payment e-business;relationships invoice Optimized;brand;Beerburgh;Avon aggregate multi-byte;Summit Cotton Brazil;Virgin Islands, U.S.;false;../fake-data/blob/hipster.txt
3;cross-platform driver;Metal disintermediate;deposit;Idaho Falls;parse Liaison;Bedfordshire;El Salvador;false;../fake-data/blob/hipster.txt
4;Proactive Product indexing;Planner;Concrete one-to-one;Carleetown;Paradigm matrix;Product;Philippines;false;../fake-data/blob/hipster.txt
5;connecting;Awesome;array Computers;East Margaritamouth;override Rubber;Steel Shoal;New Zealand;true;../fake-data/blob/hipster.txt
6;Berkshire;microchip EXE North;Granite Verde;Padbergmouth;Officer;Malagasy override program;Norfolk Island;false;../fake-data/blob/hipster.txt
7;Palestinian;online North Shirt;Convertible Salad collaboration;Georgetteville;fuchsia;pricing AGP;Romania;false;../fake-data/blob/hipster.txt
8;d'Ivoire Factors hour;24/365;Reverse-engineered payment;Dariusville;back-end Account Rubber;Music Factors Cambridgeshire;Comoros;true;../fake-data/blob/hipster.txt
9;user online Kazakhstan;dedicated;Computer value-added Handmade;Port Sylvester;District bus;extensible Cambridgeshire;Argentina;false;../fake-data/blob/hipster.txt
10;Carolina logistical Berkshire;Ethiopian Alaska Human;Dynamic International calculating;Conway;3rd;Checking Research;Vietnam;false;../fake-data/blob/hipster.txt
