{
  "generator-jhipster": {
    "applicationType": "monolith",
    "gitCompany": "",
    "baseName": "eMonsterTrainingeCommerce",
    "packageName": "ca.emonster.training.ecommerce",
    "packageFolder": "ca/emonster/training/ecommerce",
    "serverPort": 8080,
    "serviceDiscoveryType": false,
    "authenticationType": "jwt",
    "cacheProvider": "no",
    "enableHibernateCache": false,
    "websocket": false,
    "databaseType": "sql",
    "devDatabaseType": "mysql",
    "prodDatabaseType": "mysql",
    "searchEngine": false,
    "enableSwaggerCodegen": false,
    "messageBroker": false,
    "buildTool": "maven",
    "useSass": true,
    "clientPackageManager": "npm",
    "testFrameworks": [],
    "enableTranslation": true,
    "nativeLanguage": "en",
    "languages": ["en"],
    "clientFramework": "react",
    "jhiPrefix": "jhi",
    "withAdminUi": false,
    "jhipsterVersion": "7.5.0",
    "skipUserManagement": false,
    "skipCheckLengthOfIdentifier": false,
    "skipFakeData": false,
    "entitySuffix": "",
    "dtoSuffix": "DTO",
    "blueprints": [],
    "otherModules": [],
    "pages": [],
    "creationTimestamp": 1642793195437,
    "jwtSecretKey": "ODgxMGMyMjkzODQ2ZmE0NmYxNzgyNDg0OTAyOGQ1YjhmY2VjODEwMzExNmQyYWM3YTJkOWQ5ZDI0Y2E3ZGJlMzFkZjEzN2FjZGQ4OTY5MzY5ODU4MjQzNjA4MGRkNGRmMTE4YjBjNzkxMTVmYWNiMmE1ZmY2MmZjNjA0Mzg2M2U=",
    "devServerPort": 9060,
    "clientTheme": "none",
    "clientThemeVariant": "",
    "reactive": false,
    "enableGradleEnterprise": false,
    "entities": [
      "TblContact",
      "TblAddress",
      "TblCustomer",
      "TblProduct",
      "TblItem",
      "TblInventory",
      "TblDimension",
      "TblInventoryMedia",
      "TblTaxRegion",
      "TblTaxExempt",
      "TblOrder",
      "TblPayment"
    ],
    "lastLiquibaseTimestamp": 1642806602000
  }
}
