<?xml version="1.0" encoding="utf-8"?>
<databaseChangeLog
    xmlns="http://www.liquibase.org/xml/ns/dbchangelog"
    xmlns:xsi="http://www.w3.org/2001/XMLSchema-instance"
    xsi:schemaLocation="http://www.liquibase.org/xml/ns/dbchangelog http://www.liquibase.org/xml/ns/dbchangelog/dbchangelog-4.6.xsd">

    <property name="now" value="now()" dbms="h2"/>
    <property name="now" value="now()" dbms="mysql, mariadb"/>
    <property name="floatType" value="float4" dbms="postgresql, h2"/>
    <property name="floatType" value="float" dbms="mysql, oracle, mssql, mariadb"/>
    <property name="clobType" value="clob" dbms="h2"/>
    <property name="clobType" value="clob" dbms="mysql, oracle, mssql, mariadb, postgresql"/>
    <property name="uuidType" value="varchar(36)" dbms="h2, mysql, mariadb"/>
    <property name="datetimeType" value="datetime(6)" dbms="mysql, mariadb"/>
    <property name="datetimeType" value="datetime" dbms="oracle, mssql, postgresql, h2"/>

    <include file="config/liquibase/changelog/00000000000000_initial_schema.xml" relativeToChangelogFile="false"/>
    <include file="config/liquibase/changelog/20220121230951_added_entity_TblContact.xml" relativeToChangelogFile="false"/>
    <include file="config/liquibase/changelog/20220121230952_added_entity_TblAddress.xml" relativeToChangelogFile="false"/>
    <include file="config/liquibase/changelog/20220121230953_added_entity_TblCustomer.xml" relativeToChangelogFile="false"/>
    <include file="config/liquibase/changelog/20220121230954_added_entity_TblProduct.xml" relativeToChangelogFile="false"/>
    <include file="config/liquibase/changelog/20220121230955_added_entity_TblItem.xml" relativeToChangelogFile="false"/>
    <include file="config/liquibase/changelog/20220121230956_added_entity_TblInventory.xml" relativeToChangelogFile="false"/>
    <include file="config/liquibase/changelog/20220121230957_added_entity_TblDimension.xml" relativeToChangelogFile="false"/>
    <include file="config/liquibase/changelog/20220121230958_added_entity_TblInventoryMedia.xml" relativeToChangelogFile="false"/>
    <include file="config/liquibase/changelog/20220121230959_added_entity_TblTaxRegion.xml" relativeToChangelogFile="false"/>
    <include file="config/liquibase/changelog/20220121231000_added_entity_TblTaxExempt.xml" relativeToChangelogFile="false"/>
    <include file="config/liquibase/changelog/20220121231001_added_entity_TblOrder.xml" relativeToChangelogFile="false"/>
    <include file="config/liquibase/changelog/20220121231002_added_entity_TblPayment.xml" relativeToChangelogFile="false"/>
    <!-- jhipster-needle-liquibase-add-changelog - JHipster will add liquibase changelogs here -->
    <include file="config/liquibase/changelog/20220121230951_added_entity_constraints_TblContact.xml" relativeToChangelogFile="false"/>
    <include file="config/liquibase/changelog/20220121230952_added_entity_constraints_TblAddress.xml" relativeToChangelogFile="false"/>
    <include file="config/liquibase/changelog/20220121230953_added_entity_constraints_TblCustomer.xml" relativeToChangelogFile="false"/>
    <include file="config/liquibase/changelog/20220121230954_added_entity_constraints_TblProduct.xml" relativeToChangelogFile="false"/>
    <include file="config/liquibase/changelog/20220121230955_added_entity_constraints_TblItem.xml" relativeToChangelogFile="false"/>
    <include file="config/liquibase/changelog/20220121230956_added_entity_constraints_TblInventory.xml" relativeToChangelogFile="false"/>
    <include file="config/liquibase/changelog/20220121230958_added_entity_constraints_TblInventoryMedia.xml" relativeToChangelogFile="false"/>
    <include file="config/liquibase/changelog/20220121231000_added_entity_constraints_TblTaxExempt.xml" relativeToChangelogFile="false"/>
    <include file="config/liquibase/changelog/20220121231001_added_entity_constraints_TblOrder.xml" relativeToChangelogFile="false"/>
    <!-- jhipster-needle-liquibase-add-constraints-changelog - JHipster will add liquibase constraints changelogs here -->
    <!-- jhipster-needle-liquibase-add-incremental-changelog - JHipster will add incremental liquibase changelogs here -->
</databaseChangeLog>
