<?xml version="1.0" encoding="utf-8"?>
<databaseChangeLog
    xmlns="http://www.liquibase.org/xml/ns/dbchangelog"
    xmlns:ext="http://www.liquibase.org/xml/ns/dbchangelog-ext"
    xmlns:xsi="http://www.w3.org/2001/XMLSchema-instance"
    xsi:schemaLocation="http://www.liquibase.org/xml/ns/dbchangelog http://www.liquibase.org/xml/ns/dbchangelog/dbchangelog-4.6.xsd
                        http://www.liquibase.org/xml/ns/dbchangelog-ext http://www.liquibase.org/xml/ns/dbchangelog/dbchangelog-ext.xsd">

    <!--
        Added the entity TblContact.
    -->
    <changeSet id="20220121230951-1" author="jhipster">
        <createTable tableName="tbl_contact">
            <column name="id" type="bigint" autoIncrement="true">
                <constraints primaryKey="true" nullable="false"/>
            </column>
            <column name="first_name" type="varchar(255)">
                <constraints nullable="true" />
            </column>
            <column name="last_name" type="varchar(255)">
                <constraints nullable="true" />
            </column>
            <column name="middle_name" type="varchar(255)">
                <constraints nullable="true" />
            </column>
            <column name="business_name" type="varchar(255)">
                <constraints nullable="true" />
            </column>
            <column name="phone" type="varchar(255)">
                <constraints nullable="true" />
            </column>
            <column name="email" type="varchar(255)">
                <constraints nullable="true" />
            </column>
            <column name="is_active" type="boolean">
                <constraints nullable="false" />
            </column>
            <column name="type" type="varchar(255)">
                <constraints nullable="false" />
            </column>
            <column name="remark" type="${clobType}">
                <constraints nullable="true" />
            </column>
            <column name="customer_id" type="bigint">
                <constraints nullable="true" />
            </column>
            <!-- jhipster-needle-liquibase-add-column - JHipster will add columns here -->
        </createTable>
    </changeSet>

    <!-- jhipster-needle-liquibase-add-changeset - JHipster will add changesets here -->

    <!--
        Load sample data generated with Faker.js
        - This data can be easily edited using a CSV editor (or even MS Excel) and
          is located in the 'src/main/resources/config/liquibase/fake-data' directory
        - By default this data is applied when running with the JHipster 'dev' profile.
          This can be customized by adding or removing 'faker' in the 'spring.liquibase.contexts'
          Spring Boot configuration key.
    -->
    <changeSet id="20220121230951-1-data" author="jhipster" context="faker">
        <loadData
                  file="config/liquibase/fake-data/tbl_contact.csv"
                  separator=";"
                  tableName="tbl_contact"
                  usePreparedStatements="true">
            <column name="id" type="numeric"/>
            <column name="first_name" type="string"/>
            <column name="last_name" type="string"/>
            <column name="middle_name" type="string"/>
            <column name="business_name" type="string"/>
            <column name="phone" type="string"/>
            <column name="email" type="string"/>
            <column name="is_active" type="boolean"/>
            <column name="type" type="string"/>
            <column name="remark" type="clob"/>
            <!-- jhipster-needle-liquibase-add-loadcolumn - JHipster (and/or extensions) can add load columns here -->
        </loadData>
    </changeSet>
</databaseChangeLog>
