<?xml version="1.0" encoding="utf-8"?>
<databaseChangeLog
    xmlns="http://www.liquibase.org/xml/ns/dbchangelog"
    xmlns:ext="http://www.liquibase.org/xml/ns/dbchangelog-ext"
    xmlns:xsi="http://www.w3.org/2001/XMLSchema-instance"
    xsi:schemaLocation="http://www.liquibase.org/xml/ns/dbchangelog http://www.liquibase.org/xml/ns/dbchangelog/dbchangelog-4.6.xsd
                        http://www.liquibase.org/xml/ns/dbchangelog-ext http://www.liquibase.org/xml/ns/dbchangelog/dbchangelog-ext.xsd">

    <!--
        Added the entity TblAddress.
    -->
    <changeSet id="20220121230952-1" author="jhipster">
        <createTable tableName="tbl_address">
            <column name="id" type="bigint" autoIncrement="true">
                <constraints primaryKey="true" nullable="false"/>
            </column>
            <column name="unit" type="varchar(255)">
                <constraints nullable="true" />
            </column>
            <column name="address_1" type="varchar(255)">
                <constraints nullable="false" />
            </column>
            <column name="address_2" type="varchar(255)">
                <constraints nullable="true" />
            </column>
            <column name="city" type="varchar(255)">
                <constraints nullable="false" />
            </column>
            <column name="state" type="varchar(255)">
                <constraints nullable="false" />
            </column>
            <column name="postal_code" type="varchar(255)">
                <constraints nullable="false" />
            </column>
            <column name="country" type="varchar(255)">
                <constraints nullable="false" />
            </column>
            <column name="is_active" type="boolean">
                <constraints nullable="false" />
            </column>
            <column name="remark" type="${clobType}">
                <constraints nullable="true" />
            </column>
            <column name="contact_id" type="bigint">
                <constraints nullable="true" unique="true" uniqueConstraintName="ux_tbl_address__contact_id" />
            </column>
            <!-- jhipster-needle-liquibase-add-column - JHipster will add columns here -->
        </createTable>
    </changeSet>

    <!-- jhipster-needle-liquibase-add-changeset - JHipster will add changesets here -->

    <!--
        Load sample data generated with Faker.js
        - This data can be easily edited using a CSV editor (or even MS Excel) and
          is located in the 'src/main/resources/config/liquibase/fake-data' directory
        - By default this data is applied when running with the JHipster 'dev' profile.
          This can be customized by adding or removing 'faker' in the 'spring.liquibase.contexts'
          Spring Boot configuration key.
    -->
    <changeSet id="20220121230952-1-data" author="jhipster" context="faker">
        <loadData
                  file="config/liquibase/fake-data/tbl_address.csv"
                  separator=";"
                  tableName="tbl_address"
                  usePreparedStatements="true">
            <column name="id" type="numeric"/>
            <column name="unit" type="string"/>
            <column name="address_1" type="string"/>
            <column name="address_2" type="string"/>
            <column name="city" type="string"/>
            <column name="state" type="string"/>
            <column name="postal_code" type="string"/>
            <column name="country" type="string"/>
            <column name="is_active" type="boolean"/>
            <column name="remark" type="clob"/>
            <!-- jhipster-needle-liquibase-add-loadcolumn - JHipster (and/or extensions) can add load columns here -->
        </loadData>
    </changeSet>
</databaseChangeLog>
