<?xml version="1.0" encoding="utf-8"?>
<databaseChangeLog
    xmlns="http://www.liquibase.org/xml/ns/dbchangelog"
    xmlns:ext="http://www.liquibase.org/xml/ns/dbchangelog-ext"
    xmlns:xsi="http://www.w3.org/2001/XMLSchema-instance"
    xsi:schemaLocation="http://www.liquibase.org/xml/ns/dbchangelog http://www.liquibase.org/xml/ns/dbchangelog/dbchangelog-4.6.xsd
                        http://www.liquibase.org/xml/ns/dbchangelog-ext http://www.liquibase.org/xml/ns/dbchangelog/dbchangelog-ext.xsd">

    <!--
        Added the entity TblInventory.
    -->
    <changeSet id="20220121230956-1" author="jhipster">
        <createTable tableName="tbl_inventory">
            <column name="id" type="bigint" autoIncrement="true">
                <constraints primaryKey="true" nullable="false"/>
            </column>
            <column name="sku" type="varchar(255)">
                <constraints nullable="true" />
            </column>
            <column name="create_time" type="${datetimeType}">
                <constraints nullable="true" />
            </column>
            <column name="weight" type="double">
                <constraints nullable="true" />
            </column>
            <column name="sotck_level" type="bigint">
                <constraints nullable="true" />
            </column>
            <column name="description" type="${clobType}">
                <constraints nullable="true" />
            </column>
            <column name="remark" type="${clobType}">
                <constraints nullable="true" />
            </column>
            <column name="dimension_id" type="bigint">
                <constraints nullable="false" unique="true" uniqueConstraintName="ux_tbl_inventory__dimension_id" />
            </column>
            <!-- jhipster-needle-liquibase-add-column - JHipster will add columns here -->
        </createTable>
        <dropDefaultValue tableName="tbl_inventory" columnName="create_time" columnDataType="${datetimeType}"/>
    </changeSet>

    <!-- jhipster-needle-liquibase-add-changeset - JHipster will add changesets here -->

    <!--
        Load sample data generated with Faker.js
        - This data can be easily edited using a CSV editor (or even MS Excel) and
          is located in the 'src/main/resources/config/liquibase/fake-data' directory
        - By default this data is applied when running with the JHipster 'dev' profile.
          This can be customized by adding or removing 'faker' in the 'spring.liquibase.contexts'
          Spring Boot configuration key.
    -->
    <changeSet id="20220121230956-1-data" author="jhipster" context="faker">
        <loadData
                  file="config/liquibase/fake-data/tbl_inventory.csv"
                  separator=";"
                  tableName="tbl_inventory"
                  usePreparedStatements="true">
            <column name="id" type="numeric"/>
            <column name="sku" type="string"/>
            <column name="create_time" type="date"/>
            <column name="weight" type="numeric"/>
            <column name="sotck_level" type="numeric"/>
            <column name="description" type="clob"/>
            <column name="remark" type="clob"/>
            <column name="dimension_id" type="numeric"/>
            <!-- jhipster-needle-liquibase-add-loadcolumn - JHipster (and/or extensions) can add load columns here -->
        </loadData>
    </changeSet>
</databaseChangeLog>
