<?xml version="1.0" encoding="utf-8"?>
<databaseChangeLog
    xmlns="http://www.liquibase.org/xml/ns/dbchangelog"
    xmlns:ext="http://www.liquibase.org/xml/ns/dbchangelog-ext"
    xmlns:xsi="http://www.w3.org/2001/XMLSchema-instance"
    xsi:schemaLocation="http://www.liquibase.org/xml/ns/dbchangelog http://www.liquibase.org/xml/ns/dbchangelog/dbchangelog-4.6.xsd
                        http://www.liquibase.org/xml/ns/dbchangelog-ext http://www.liquibase.org/xml/ns/dbchangelog/dbchangelog-ext.xsd">

    <!--
        Added the entity TblTaxExempt.
    -->
    <changeSet id="20220121231000-1" author="jhipster">
        <createTable tableName="tbl_tax_exempt">
            <column name="id" type="bigint" autoIncrement="true">
                <constraints primaryKey="true" nullable="false"/>
            </column>
            <column name="exempt_number" type="varchar(255)">
                <constraints nullable="true" />
            </column>
            <column name="effective_start_date" type="${datetimeType}">
                <constraints nullable="false" />
            </column>
            <column name="effective_end_date" type="${datetimeType}">
                <constraints nullable="true" />
            </column>
            <column name="region_id" type="bigint">
                <constraints nullable="true" unique="true" uniqueConstraintName="ux_tbl_tax_exempt__region_id" />
            </column>
            <column name="customer_id" type="bigint">
                <constraints nullable="true" />
            </column>
            <!-- jhipster-needle-liquibase-add-column - JHipster will add columns here -->
        </createTable>
        <dropDefaultValue tableName="tbl_tax_exempt" columnName="effective_start_date" columnDataType="${datetimeType}"/>
        <dropDefaultValue tableName="tbl_tax_exempt" columnName="effective_end_date" columnDataType="${datetimeType}"/>
    </changeSet>

    <!-- jhipster-needle-liquibase-add-changeset - JHipster will add changesets here -->

    <!--
        Load sample data generated with Faker.js
        - This data can be easily edited using a CSV editor (or even MS Excel) and
          is located in the 'src/main/resources/config/liquibase/fake-data' directory
        - By default this data is applied when running with the JHipster 'dev' profile.
          This can be customized by adding or removing 'faker' in the 'spring.liquibase.contexts'
          Spring Boot configuration key.
    -->
    <changeSet id="20220121231000-1-data" author="jhipster" context="faker">
        <loadData
                  file="config/liquibase/fake-data/tbl_tax_exempt.csv"
                  separator=";"
                  tableName="tbl_tax_exempt"
                  usePreparedStatements="true">
            <column name="id" type="numeric"/>
            <column name="exempt_number" type="string"/>
            <column name="effective_start_date" type="date"/>
            <column name="effective_end_date" type="date"/>
            <!-- jhipster-needle-liquibase-add-loadcolumn - JHipster (and/or extensions) can add load columns here -->
        </loadData>
    </changeSet>
</databaseChangeLog>
